model_name,model_family,series_id,category,segment_label,forecast_origin,target_date,horizon,actual,prediction
ets,statistical,FOODS,FOODS,stable,2013-10-21,2013-10-28,1,172131.0,186542.408842022
ets,statistical,HOBBIES,HOBBIES,stable,2013-10-21,2013-10-28,1,25569.0,24888.402544390457
ets,statistical,HOUSEHOLD,HOUSEHOLD,stable,2013-10-21,2013-10-28,1,57250.0,57839.0594868038
ets,statistical,FOODS,FOODS,stable,2013-11-18,2013-11-25,1,140623.0,179749.6634484146
ets,statistical,HOBBIES,HOBBIES,stable,2013-11-18,2013-11-25,1,21798.0,24981.929069930527
ets,statistical,HOUSEHOLD,HOUSEHOLD,stable,2013-11-18,2013-11-25,1,49301.0,54013.26791346137
ets,statistical,FOODS,FOODS,stable,2013-12-16,2013-12-23,1,137601.0,172941.49411051013
ets,statistical,HOBBIES,HOBBIES,stable,2013-12-16,2013-12-23,1,20649.0,24646.703800550127
ets,statistical,HOUSEHOLD,HOUSEHOLD,stable,2013-12-16,2013-12-23,1,44569.0,50419.31256560439
ets,statistical,FOODS,FOODS,stable,2014-01-13,2014-01-20,1,154627.0,171488.1823351339
ets,statistical,HOBBIES,HOBBIES,stable,2014-01-13,2014-01-20,1,22784.0,23569.33885905016
ets,statistical,HOUSEHOLD,HOUSEHOLD,stable,2014-01-13,2014-01-20,1,49204.0,49299.34374486206
ets,statistical,FOODS,FOODS,stable,2014-02-10,2014-02-17,1,159473.0,170262.8201415927
ets,statistical,HOBBIES,HOBBIES,stable,2014-02-10,2014-02-17,1,22138.0,23773.625149565694
ets,statistical,HOUSEHOLD,HOUSEHOLD,stable,2014-02-10,2014-02-17,1,63011.0,53793.616274859596
ets,statistical,FOODS,FOODS,stable,2014-03-10,2014-03-17,1,161595.0,170996.5975477998
ets,statistical,HOBBIES,HOBBIES,stable,2014-03-10,2014-03-17,1,21925.0,23085.83592992178
ets,statistical,HOUSEHOLD,HOUSEHOLD,stable,2014-03-10,2014-03-17,1,55666.0,59643.77286229886
ets,statistical,FOODS,FOODS,stable,2014-04-07,2014-04-14,1,187865.0,172995.57326871093
ets,statistical,HOBBIES,HOBBIES,stable,2014-04-07,2014-04-14,1,21978.0,22612.533570828426
ets,statistical,HOUSEHOLD,HOUSEHOLD,stable,2014-04-07,2014-04-14,1,55383.0,58148.82173010834
ets,statistical,FOODS,FOODS,stable,2014-05-05,2014-05-12,1,180086.0,177102.21405122863
ets,statistical,HOBBIES,HOBBIES,stable,2014-05-05,2014-05-12,1,22273.0,22511.375942898467
ets,statistical,HOUSEHOLD,HOUSEHOLD,stable,2014-05-05,2014-05-12,1,53374.0,57058.49690601678
ets,statistical,FOODS,FOODS,stable,2014-06-02,2014-06-09,1,192639.0,172069.49578160566
ets,statistical,HOBBIES,HOBBIES,stable,2014-06-02,2014-06-09,1,22601.0,22660.75919568831
ets,statistical,HOUSEHOLD,HOUSEHOLD,stable,2014-06-02,2014-06-09,1,52229.0,54003.29114571911
ets,statistical,FOODS,FOODS,stable,2014-06-30,2014-07-07,1,198740.0,176253.13118977964
ets,statistical,HOBBIES,HOBBIES,stable,2014-06-30,2014-07-07,1,22165.0,22904.408568792627
ets,statistical,HOUSEHOLD,HOUSEHOLD,stable,2014-06-30,2014-07-07,1,57195.0,54771.95578747005
ets,statistical,FOODS,FOODS,stable,2014-07-28,2014-08-04,1,188000.0,180609.0383643628
ets,statistical,HOBBIES,HOBBIES,stable,2014-07-28,2014-08-04,1,21936.0,22320.88440151171
ets,statistical,HOUSEHOLD,HOUSEHOLD,stable,2014-07-28,2014-08-04,1,58712.0,56688.68146992725
ets,statistical,FOODS,FOODS,stable,2014-08-25,2014-09-01,1,190838.0,183324.76038677574
ets,statistical,HOBBIES,HOBBIES,stable,2014-08-25,2014-09-01,1,22413.0,22014.50689675478
ets,statistical,HOUSEHOLD,HOUSEHOLD,stable,2014-08-25,2014-09-01,1,61120.0,61125.70596183839
ets,statistical,FOODS,FOODS,stable,2014-09-22,2014-09-29,1,180688.0,181794.14084421817
ets,statistical,HOBBIES,HOBBIES,stable,2014-09-22,2014-09-29,1,23191.0,21687.76355253999
ets,statistical,HOUSEHOLD,HOUSEHOLD,stable,2014-09-22,2014-09-29,1,63831.0,58637.08123916286
ets,statistical,FOODS,FOODS,stable,2014-10-20,2014-10-27,1,159938.0,178702.50832593103
ets,statistical,HOBBIES,HOBBIES,stable,2014-10-20,2014-10-27,1,25019.0,22997.323661781233
ets,statistical,HOUSEHOLD,HOUSEHOLD,stable,2014-10-20,2014-10-27,1,55555.0,58127.29460529958
ets,statistical,FOODS,FOODS,stable,2014-11-17,2014-11-24,1,148379.0,173688.12504680225
ets,statistical,HOBBIES,HOBBIES,stable,2014-11-17,2014-11-24,1,20649.0,23748.883623087084
ets,statistical,HOUSEHOLD,HOUSEHOLD,stable,2014-11-17,2014-11-24,1,49820.0,54910.112065377776
ets,statistical,FOODS,FOODS,stable,2014-12-15,2014-12-22,1,129811.0,167156.16714606286
ets,statistical,HOBBIES,HOBBIES,stable,2014-12-15,2014-12-22,1,19830.0,23704.886985188466
ets,statistical,HOUSEHOLD,HOUSEHOLD,stable,2014-12-15,2014-12-22,1,45991.0,52435.90284355234
ets,statistical,FOODS,FOODS,stable,2015-01-12,2015-01-19,1,154850.0,162384.71736532723
ets,statistical,HOBBIES,HOBBIES,stable,2015-01-12,2015-01-19,1,23487.0,22429.88693289188
ets,statistical,HOUSEHOLD,HOUSEHOLD,stable,2015-01-12,2015-01-19,1,55367.0,50746.78296723783
ets,statistical,FOODS,FOODS,stable,2015-02-09,2015-02-16,1,153988.0,167947.52815553494
ets,statistical,HOBBIES,HOBBIES,stable,2015-02-09,2015-02-16,1,25493.0,24663.52772577901
ets,statistical,HOUSEHOLD,HOUSEHOLD,stable,2015-02-09,2015-02-16,1,64663.0,62163.43067937417
ets,statistical,FOODS,FOODS,stable,2015-03-09,2015-03-16,1,157071.0,166763.74651183392
ets,statistical,HOBBIES,HOBBIES,stable,2015-03-09,2015-03-16,1,25185.0,25929.383014551015
ets,statistical,HOUSEHOLD,HOUSEHOLD,stable,2015-03-09,2015-03-16,1,62962.0,64042.095707091685
ets,statistical,FOODS,FOODS,stable,2015-04-06,2015-04-13,1,166242.0,165951.99174613
ets,statistical,HOBBIES,HOBBIES,stable,2015-04-06,2015-04-13,1,24620.0,26085.706467346146
ets,statistical,HOUSEHOLD,HOUSEHOLD,stable,2015-04-06,2015-04-13,1,63284.0,64536.32747191287
ets,statistical,FOODS,FOODS,stable,2015-05-04,2015-05-11,1,171391.0,167041.43334162817
ets,statistical,HOBBIES,HOBBIES,stable,2015-05-04,2015-05-11,1,26561.0,26176.18056129753
ets,statistical,HOUSEHOLD,HOUSEHOLD,stable,2015-05-04,2015-05-11,1,66605.0,63468.9855719721
ets,statistical,FOODS,FOODS,stable,2015-06-01,2015-06-08,1,192488.0,162915.36992076712
ets,statistical,HOBBIES,HOBBIES,stable,2015-06-01,2015-06-08,1,25266.0,26803.28936557115
ets,statistical,HOUSEHOLD,HOUSEHOLD,stable,2015-06-01,2015-06-08,1,65229.0,65712.28037710201
ets,statistical,FOODS,FOODS,stable,2015-06-29,2015-07-06,1,196107.0,172834.38728057517
ets,statistical,HOBBIES,HOBBIES,stable,2015-06-29,2015-07-06,1,27272.0,26140.19532541716
ets,statistical,HOUSEHOLD,HOUSEHOLD,stable,2015-06-29,2015-07-06,1,66667.0,65141.90532493493
ets,statistical,FOODS,FOODS,stable,2015-07-27,2015-08-03,1,198895.0,179763.45718361464
ets,statistical,HOBBIES,HOBBIES,stable,2015-07-27,2015-08-03,1,27645.0,26800.14719246532
ets,statistical,HOUSEHOLD,HOUSEHOLD,stable,2015-07-27,2015-08-03,1,72654.0,68870.20264479768
ets,statistical,FOODS,FOODS,stable,2015-08-24,2015-08-31,1,182777.0,182709.83100075473
ets,statistical,HOBBIES,HOBBIES,stable,2015-08-24,2015-08-31,1,27533.0,27140.627525679283
ets,statistical,HOUSEHOLD,HOUSEHOLD,stable,2015-08-24,2015-08-31,1,71744.0,72324.47757441379
ets,statistical,FOODS,FOODS,stable,2015-09-21,2015-09-28,1,185259.0,184646.03491457022
ets,statistical,HOBBIES,HOBBIES,stable,2015-09-21,2015-09-28,1,28675.0,27270.761491967194
ets,statistical,HOUSEHOLD,HOUSEHOLD,stable,2015-09-21,2015-09-28,1,71848.0,69823.01594726728
ets,statistical,FOODS,FOODS,stable,2015-10-19,2015-10-26,1,165798.0,187881.21059404608
ets,statistical,HOBBIES,HOBBIES,stable,2015-10-19,2015-10-26,1,29827.0,27915.089616947953
ets,statistical,HOUSEHOLD,HOUSEHOLD,stable,2015-10-19,2015-10-26,1,66536.0,68293.51385844688
ets,statistical,FOODS,FOODS,stable,2015-11-16,2015-11-23,1,150214.0,180984.4743098297
ets,statistical,HOBBIES,HOBBIES,stable,2015-11-16,2015-11-23,1,24903.0,28765.505378516857
ets,statistical,HOUSEHOLD,HOUSEHOLD,stable,2015-11-16,2015-11-23,1,57575.0,65941.8331374676
ets,statistical,FOODS,FOODS,stable,2015-12-14,2015-12-21,1,140943.0,172532.85396846232
ets,statistical,HOBBIES,HOBBIES,stable,2015-12-14,2015-12-21,1,24729.0,28685.47104466224
ets,statistical,HOUSEHOLD,HOUSEHOLD,stable,2015-12-14,2015-12-21,1,55210.0,63790.59269509714
ets,statistical,FOODS,FOODS,stable,2016-01-11,2016-01-18,1,177317.0,171520.16756432864
ets,statistical,HOBBIES,HOBBIES,stable,2016-01-11,2016-01-18,1,25832.0,27187.88000065745
ets,statistical,HOUSEHOLD,HOUSEHOLD,stable,2016-01-11,2016-01-18,1,64708.0,64333.830442262995
ets,statistical,FOODS,FOODS,stable,2016-02-08,2016-02-15,1,198657.0,179785.12521477145
ets,statistical,HOBBIES,HOBBIES,stable,2016-02-08,2016-02-15,1,27506.0,27325.674007589154
ets,statistical,HOUSEHOLD,HOUSEHOLD,stable,2016-02-08,2016-02-15,1,74002.0,67966.2795543405
ets,statistical,FOODS,FOODS,stable,2016-03-07,2016-03-14,1,193108.0,189649.79163913484
ets,statistical,HOBBIES,HOBBIES,stable,2016-03-07,2016-03-14,1,26519.0,27525.36266992052
ets,statistical,HOUSEHOLD,HOUSEHOLD,stable,2016-03-07,2016-03-14,1,67798.0,73830.33155530166
ets,statistical,FOODS,FOODS,stable,2013-10-21,2013-11-04,2,179290.0,189285.5643217246
ets,statistical,HOBBIES,HOBBIES,stable,2013-10-21,2013-11-04,2,23924.0,24786.35014684086
ets,statistical,HOUSEHOLD,HOUSEHOLD,stable,2013-10-21,2013-11-04,2,53910.0,60200.44186670465
ets,statistical,FOODS,FOODS,stable,2013-11-18,2013-12-02,2,184812.0,181234.93877237733
ets,statistical,HOBBIES,HOBBIES,stable,2013-11-18,2013-12-02,2,26061.0,24966.46329244038
ets,statistical,HOUSEHOLD,HOUSEHOLD,stable,2013-11-18,2013-12-02,2,52681.0,55808.89153609652
ets,statistical,FOODS,FOODS,stable,2013-12-16,2013-12-30,2,178139.0,172110.7564003091
ets,statistical,HOBBIES,HOBBIES,stable,2013-12-16,2013-12-30,2,23823.0,24851.476606141634
ets,statistical,HOUSEHOLD,HOUSEHOLD,stable,2013-12-16,2013-12-30,2,50428.0,52407.77525378978
ets,statistical,FOODS,FOODS,stable,2014-01-13,2014-01-27,2,158115.0,167971.15962360342
ets,statistical,HOBBIES,HOBBIES,stable,2014-01-13,2014-01-27,2,23078.0,23756.75564127549
ets,statistical,HOUSEHOLD,HOUSEHOLD,stable,2014-01-13,2014-01-27,2,50586.0,49159.55653061156
ets,statistical,FOODS,FOODS,stable,2014-02-10,2014-02-24,2,160250.0,167451.99893314595
ets,statistical,HOBBIES,HOBBIES,stable,2014-02-10,2014-02-24,2,22878.0,23432.59400473179
ets,statistical,HOUSEHOLD,HOUSEHOLD,stable,2014-02-10,2014-02-24,2,60106.0,50525.532500143505
ets,statistical,FOODS,FOODS,stable,2014-03-10,2014-03-24,2,158687.0,169087.29801638116
ets,statistical,HOBBIES,HOBBIES,stable,2014-03-10,2014-03-24,2,21920.0,23155.67152843291
ets,statistical,HOUSEHOLD,HOUSEHOLD,stable,2014-03-10,2014-03-24,2,54193.0,61084.67616275965
ets,statistical,FOODS,FOODS,stable,2014-04-07,2014-04-21,2,165589.0,170320.63314997728
ets,statistical,HOBBIES,HOBBIES,stable,2014-04-07,2014-04-21,2,22791.0,22485.850570092392
ets,statistical,HOUSEHOLD,HOUSEHOLD,stable,2014-04-07,2014-04-21,2,54397.0,55858.806112926824
ets,statistical,FOODS,FOODS,stable,2014-05-05,2014-05-19,2,157666.0,177587.45395545242
ets,statistical,HOBBIES,HOBBIES,stable,2014-05-05,2014-05-19,2,22098.0,22605.44834276013
ets,statistical,HOUSEHOLD,HOUSEHOLD,stable,2014-05-05,2014-05-19,2,49721.0,55680.36138921844
ets,statistical,FOODS,FOODS,stable,2014-06-02,2014-06-16,2,177631.0,175188.0278559069
ets,statistical,HOBBIES,HOBBIES,stable,2014-06-02,2014-06-16,2,23158.0,22414.40825240235
ets,statistical,HOUSEHOLD,HOUSEHOLD,stable,2014-06-02,2014-06-16,2,56221.0,51732.3656872352
ets,statistical,FOODS,FOODS,stable,2014-06-30,2014-07-14,2,178522.0,179956.45592142618
ets,statistical,HOBBIES,HOBBIES,stable,2014-06-30,2014-07-14,2,22647.0,23097.640786321273
ets,statistical,HOUSEHOLD,HOUSEHOLD,stable,2014-06-30,2014-07-14,2,57986.0,55680.91282779292
ets,statistical,FOODS,FOODS,stable,2014-07-28,2014-08-11,2,189325.0,184040.13975675625
ets,statistical,HOBBIES,HOBBIES,stable,2014-07-28,2014-08-11,2,21961.0,22945.461232521684
ets,statistical,HOUSEHOLD,HOUSEHOLD,stable,2014-07-28,2014-08-11,2,59949.0,58259.678537886146
ets,statistical,FOODS,FOODS,stable,2014-08-25,2014-09-08,2,188250.0,184466.78637250644
ets,statistical,HOBBIES,HOBBIES,stable,2014-08-25,2014-09-08,2,21386.0,22401.570763540058
ets,statistical,HOUSEHOLD,HOUSEHOLD,stable,2014-08-25,2014-09-08,2,58068.0,60029.38147674114
ets,statistical,FOODS,FOODS,stable,2014-09-22,2014-10-06,2,182711.0,184365.70428444003
ets,statistical,HOBBIES,HOBBIES,stable,2014-09-22,2014-10-06,2,22890.0,21896.465286253097
ets,statistical,HOUSEHOLD,HOUSEHOLD,stable,2014-09-22,2014-10-06,2,58489.0,59811.42045475864
ets,statistical,FOODS,FOODS,stable,2014-10-20,2014-11-03,2,178606.0,180508.80454027237
ets,statistical,HOBBIES,HOBBIES,stable,2014-10-20,2014-11-03,2,23433.0,22410.647169443
ets,statistical,HOUSEHOLD,HOUSEHOLD,stable,2014-10-20,2014-11-03,2,58980.0,59969.47084064216
ets,statistical,FOODS,FOODS,stable,2014-11-17,2014-12-01,2,169126.0,173722.44229989682
ets,statistical,HOBBIES,HOBBIES,stable,2014-11-17,2014-12-01,2,25822.0,23915.98281298935
ets,statistical,HOUSEHOLD,HOUSEHOLD,stable,2014-11-17,2014-12-01,2,57352.0,58094.58319043751
ets,statistical,FOODS,FOODS,stable,2014-12-15,2014-12-29,2,161394.0,167359.01262148898
ets,statistical,HOBBIES,HOBBIES,stable,2014-12-15,2014-12-29,2,23134.0,23917.13900544327
ets,statistical,HOUSEHOLD,HOUSEHOLD,stable,2014-12-15,2014-12-29,2,55146.0,55269.07446844336
ets,statistical,FOODS,FOODS,stable,2015-01-12,2015-01-26,2,158785.0,158064.86300630862
ets,statistical,HOBBIES,HOBBIES,stable,2015-01-12,2015-01-26,2,24985.0,22803.66849750104
ets,statistical,HOUSEHOLD,HOUSEHOLD,stable,2015-01-12,2015-01-26,2,59443.0,52411.03821337347
ets,statistical,FOODS,FOODS,stable,2015-02-09,2015-02-23,2,149304.0,161659.28370921494
ets,statistical,HOBBIES,HOBBIES,stable,2015-02-09,2015-02-23,2,26400.0,23708.69708883777
ets,statistical,HOUSEHOLD,HOUSEHOLD,stable,2015-02-09,2015-02-23,2,66954.0,57661.5432920066
ets,statistical,FOODS,FOODS,stable,2015-03-09,2015-03-23,2,151487.0,163731.7602879888
ets,statistical,HOBBIES,HOBBIES,stable,2015-03-09,2015-03-23,2,25402.0,25846.736088159392
ets,statistical,HOUSEHOLD,HOUSEHOLD,stable,2015-03-09,2015-03-23,2,60836.0,66026.03221317555
ets,statistical,FOODS,FOODS,stable,2015-04-06,2015-04-20,2,156479.0,162654.1734152835
ets,statistical,HOBBIES,HOBBIES,stable,2015-04-06,2015-04-20,2,26415.0,25662.375265004684
ets,statistical,HOUSEHOLD,HOUSEHOLD,stable,2015-04-06,2015-04-20,2,62918.0,62842.7665872751
ets,statistical,FOODS,FOODS,stable,2015-05-04,2015-05-18,2,150530.0,166115.78279299644
ets,statistical,HOBBIES,HOBBIES,stable,2015-05-04,2015-05-18,2,26868.0,26169.81204521092
ets,statistical,HOUSEHOLD,HOUSEHOLD,stable,2015-05-04,2015-05-18,2,62996.0,64069.86126005365
ets,statistical,FOODS,FOODS,stable,2015-06-01,2015-06-15,2,179213.0,165092.92435783107
ets,statistical,HOBBIES,HOBBIES,stable,2015-06-01,2015-06-15,2,26060.0,26771.87983047314
ets,statistical,HOUSEHOLD,HOUSEHOLD,stable,2015-06-01,2015-06-15,2,63405.0,64287.608625448906
ets,statistical,FOODS,FOODS,stable,2015-06-29,2015-07-13,2,189667.0,175165.359485002
ets,statistical,HOBBIES,HOBBIES,stable,2015-06-29,2015-07-13,2,27161.0,26491.415724053943
ets,statistical,HOUSEHOLD,HOUSEHOLD,stable,2015-06-29,2015-07-13,2,69925.0,65230.00555100751
ets,statistical,FOODS,FOODS,stable,2015-07-27,2015-08-10,2,190083.0,182031.27882269624
ets,statistical,HOBBIES,HOBBIES,stable,2015-07-27,2015-08-10,2,26877.0,27162.18980109046
ets,statistical,HOUSEHOLD,HOUSEHOLD,stable,2015-07-27,2015-08-10,2,70957.0,69251.45377651646
ets,statistical,FOODS,FOODS,stable,2015-08-24,2015-09-07,2,199434.0,185476.77396068242
ets,statistical,HOBBIES,HOBBIES,stable,2015-08-24,2015-09-07,2,26873.0,27272.548882090854
ets,statistical,HOUSEHOLD,HOUSEHOLD,stable,2015-08-24,2015-09-07,2,71148.0,71842.61159471028
ets,statistical,FOODS,FOODS,stable,2015-09-21,2015-10-05,2,200451.0,184528.65245462675
ets,statistical,HOBBIES,HOBBIES,stable,2015-09-21,2015-10-05,2,27168.0,27259.719938692597
ets,statistical,HOUSEHOLD,HOUSEHOLD,stable,2015-09-21,2015-10-05,2,69502.0,71813.60590057189
ets,statistical,FOODS,FOODS,stable,2015-10-19,2015-11-02,2,177296.0,187568.9495279538
ets,statistical,HOBBIES,HOBBIES,stable,2015-10-19,2015-11-02,2,29411.0,27593.390296018064
ets,statistical,HOUSEHOLD,HOUSEHOLD,stable,2015-10-19,2015-11-02,2,69897.0,70433.06581259875
ets,statistical,FOODS,FOODS,stable,2015-11-16,2015-11-30,2,172158.0,181432.8791116828
ets,statistical,HOBBIES,HOBBIES,stable,2015-11-16,2015-11-30,2,30690.0,29229.296021373044
ets,statistical,HOUSEHOLD,HOUSEHOLD,stable,2015-11-16,2015-11-30,2,69374.0,68690.5585833613
ets,statistical,FOODS,FOODS,stable,2015-12-14,2015-12-28,2,166308.0,173395.9090093939
ets,statistical,HOBBIES,HOBBIES,stable,2015-12-14,2015-12-28,2,26913.0,28747.28778374823
ets,statistical,HOUSEHOLD,HOUSEHOLD,stable,2015-12-14,2015-12-28,2,67550.0,65918.51081849051
ets,statistical,FOODS,FOODS,stable,2016-01-11,2016-01-25,2,171099.0,166780.29627826333
ets,statistical,HOBBIES,HOBBIES,stable,2016-01-11,2016-01-25,2,27832.0,27464.769624045595
ets,statistical,HOUSEHOLD,HOUSEHOLD,stable,2016-01-11,2016-01-25,2,67293.0,63881.44923496775
ets,statistical,FOODS,FOODS,stable,2016-02-08,2016-02-22,2,178807.0,175828.63225337808
ets,statistical,HOBBIES,HOBBIES,stable,2016-02-08,2016-02-22,2,26836.0,26963.451407106633
ets,statistical,HOUSEHOLD,HOUSEHOLD,stable,2016-02-08,2016-02-22,2,70800.0,66168.3613854915
ets,statistical,FOODS,FOODS,stable,2016-03-07,2016-03-21,2,195565.0,187063.21902679568
ets,statistical,HOBBIES,HOBBIES,stable,2016-03-07,2016-03-21,2,25605.0,27326.17686713653
ets,statistical,HOUSEHOLD,HOUSEHOLD,stable,2016-03-07,2016-03-21,2,66288.0,71871.95803561858
ets,statistical,FOODS,FOODS,stable,2013-10-21,2013-11-11,3,173072.0,189105.19006575138
ets,statistical,HOBBIES,HOBBIES,stable,2013-10-21,2013-11-11,3,24937.0,24529.64025622367
ets,statistical,HOUSEHOLD,HOUSEHOLD,stable,2013-10-21,2013-11-11,3,52336.0,62971.87952923271
ets,statistical,FOODS,FOODS,stable,2013-11-18,2013-12-09,3,175580.0,181467.91597681114
ets,statistical,HOBBIES,HOBBIES,stable,2013-11-18,2013-12-09,3,24209.0,25488.15604070497
ets,statistical,HOUSEHOLD,HOUSEHOLD,stable,2013-11-18,2013-12-09,3,48654.0,57528.6013439188
ets,statistical,FOODS,FOODS,stable,2013-12-16,2014-01-06,3,184549.0,167668.7218644805
ets,statistical,HOBBIES,HOBBIES,stable,2013-12-16,2014-01-06,3,23172.0,24078.152693875232
ets,statistical,HOUSEHOLD,HOUSEHOLD,stable,2013-12-16,2014-01-06,3,49235.0,51539.07644772831
ets,statistical,FOODS,FOODS,stable,2014-01-13,2014-02-03,3,180856.0,164706.19869433105
ets,statistical,HOBBIES,HOBBIES,stable,2014-01-13,2014-02-03,3,24338.0,23649.29671010955
ets,statistical,HOUSEHOLD,HOUSEHOLD,stable,2014-01-13,2014-02-03,3,56145.0,47026.841290682816
ets,statistical,FOODS,FOODS,stable,2014-02-10,2014-03-03,3,178314.0,169682.34759663872
ets,statistical,HOBBIES,HOBBIES,stable,2014-02-10,2014-03-03,3,22906.0,23566.6384119908
ets,statistical,HOUSEHOLD,HOUSEHOLD,stable,2014-02-10,2014-03-03,3,58426.0,49993.12498811313
ets,statistical,FOODS,FOODS,stable,2014-03-10,2014-03-31,3,183665.0,171106.1441973261
ets,statistical,HOBBIES,HOBBIES,stable,2014-03-10,2014-03-31,3,22791.0,23250.60611649558
ets,statistical,HOUSEHOLD,HOUSEHOLD,stable,2014-03-10,2014-03-31,3,59478.0,61864.3288562607
ets,statistical,FOODS,FOODS,stable,2014-04-07,2014-04-28,3,174654.0,172974.3057392388
ets,statistical,HOBBIES,HOBBIES,stable,2014-04-07,2014-04-28,3,22294.0,22749.52637401502
ets,statistical,HOUSEHOLD,HOUSEHOLD,stable,2014-04-07,2014-04-28,3,57799.0,57797.168667988495
ets,statistical,FOODS,FOODS,stable,2014-05-05,2014-05-26,3,158756.0,180322.40664633966
ets,statistical,HOBBIES,HOBBIES,stable,2014-05-05,2014-05-26,3,23059.0,22448.592944687163
ets,statistical,HOUSEHOLD,HOUSEHOLD,stable,2014-05-05,2014-05-26,3,55388.0,57002.05578021521
ets,statistical,FOODS,FOODS,stable,2014-06-02,2014-06-23,3,159756.0,179160.32330336826
ets,statistical,HOBBIES,HOBBIES,stable,2014-06-02,2014-06-23,3,22507.0,22539.92722430511
ets,statistical,HOUSEHOLD,HOUSEHOLD,stable,2014-06-02,2014-06-23,3,53932.0,54220.58153350498
ets,statistical,FOODS,FOODS,stable,2014-06-30,2014-07-21,3,165008.0,180313.44903189843
ets,statistical,HOBBIES,HOBBIES,stable,2014-06-30,2014-07-21,3,21146.0,23010.306715524614
ets,statistical,HOUSEHOLD,HOUSEHOLD,stable,2014-06-30,2014-07-21,3,55343.0,54402.71533037382
ets,statistical,FOODS,FOODS,stable,2014-07-28,2014-08-18,3,177806.0,185137.91159004509
ets,statistical,HOBBIES,HOBBIES,stable,2014-07-28,2014-08-18,3,21273.0,23059.0140131484
ets,statistical,HOUSEHOLD,HOUSEHOLD,stable,2014-07-28,2014-08-18,3,61737.0,58094.06620023279
ets,statistical,FOODS,FOODS,stable,2014-08-25,2014-09-15,3,169705.0,183195.19326496293
ets,statistical,HOBBIES,HOBBIES,stable,2014-08-25,2014-09-15,3,21273.0,22597.686964337834
ets,statistical,HOUSEHOLD,HOUSEHOLD,stable,2014-08-25,2014-09-15,3,57576.0,59594.95881572253
ets,statistical,FOODS,FOODS,stable,2014-09-22,2014-10-13,3,170274.0,183330.7810893777
ets,statistical,HOBBIES,HOBBIES,stable,2014-09-22,2014-10-13,3,24005.0,22136.306032101056
ets,statistical,HOUSEHOLD,HOUSEHOLD,stable,2014-09-22,2014-10-13,3,56499.0,61615.07041219454
ets,statistical,FOODS,FOODS,stable,2014-10-20,2014-11-10,3,173225.0,180006.25242719255
ets,statistical,HOBBIES,HOBBIES,stable,2014-10-20,2014-11-10,3,23407.0,22100.73659671547
ets,statistical,HOUSEHOLD,HOUSEHOLD,stable,2014-10-20,2014-11-10,3,52244.0,61389.910336103225
ets,statistical,FOODS,FOODS,stable,2014-11-17,2014-12-08,3,166073.0,172330.1001860753
ets,statistical,HOBBIES,HOBBIES,stable,2014-11-17,2014-12-08,3,23267.0,24142.131997917728
ets,statistical,HOUSEHOLD,HOUSEHOLD,stable,2014-11-17,2014-12-08,3,49998.0,56471.65753514169
ets,statistical,FOODS,FOODS,stable,2014-12-15,2015-01-05,3,178043.0,166733.18585987893
ets,statistical,HOBBIES,HOBBIES,stable,2014-12-15,2015-01-05,3,21698.0,22809.948032579545
ets,statistical,HOUSEHOLD,HOUSEHOLD,stable,2014-12-15,2015-01-05,3,49223.0,52161.68912885366
ets,statistical,FOODS,FOODS,stable,2015-01-12,2015-02-02,3,186691.0,157164.4032638863
ets,statistical,HOBBIES,HOBBIES,stable,2015-01-12,2015-02-02,3,26349.0,22576.734894990663
ets,statistical,HOUSEHOLD,HOUSEHOLD,stable,2015-01-12,2015-02-02,3,65374.0,48628.98654321082
ets,statistical,FOODS,FOODS,stable,2015-02-09,2015-03-02,3,173559.0,162494.11924319054
ets,statistical,HOBBIES,HOBBIES,stable,2015-02-09,2015-03-02,3,26019.0,22979.10616995372
ets,statistical,HOUSEHOLD,HOUSEHOLD,stable,2015-02-09,2015-03-02,3,62345.0,55048.78653341909
ets,statistical,FOODS,FOODS,stable,2015-03-09,2015-03-30,3,173450.0,168732.4869425969
ets,statistical,HOBBIES,HOBBIES,stable,2015-03-09,2015-03-30,3,26786.0,25465.098617464115
ets,statistical,HOUSEHOLD,HOUSEHOLD,stable,2015-03-09,2015-03-30,3,65659.0,64224.1035892415
ets,statistical,FOODS,FOODS,stable,2015-04-06,2015-04-27,3,170596.0,167021.5765938233
ets,statistical,HOBBIES,HOBBIES,stable,2015-04-06,2015-04-27,3,26135.0,25751.362060887055
ets,statistical,HOUSEHOLD,HOUSEHOLD,stable,2015-04-06,2015-04-27,3,62813.0,64972.962483311996
ets,statistical,FOODS,FOODS,stable,2015-05-04,2015-05-25,3,152872.0,168308.73679122078
ets,statistical,HOBBIES,HOBBIES,stable,2015-05-04,2015-05-25,3,26805.0,25973.499486416848
ets,statistical,HOUSEHOLD,HOUSEHOLD,stable,2015-05-04,2015-05-25,3,66658.0,65060.530351964946
ets,statistical,FOODS,FOODS,stable,2015-06-01,2015-06-22,3,162650.0,170277.5492372595
ets,statistical,HOBBIES,HOBBIES,stable,2015-06-01,2015-06-22,3,25483.0,26657.09303112372
ets,statistical,HOUSEHOLD,HOUSEHOLD,stable,2015-06-01,2015-06-22,3,64886.0,65452.927008196195
ets,statistical,FOODS,FOODS,stable,2015-06-29,2015-07-20,3,170179.0,174062.19058010896
ets,statistical,HOBBIES,HOBBIES,stable,2015-06-29,2015-07-20,3,26090.0,26653.55357445433
ets,statistical,HOUSEHOLD,HOUSEHOLD,stable,2015-06-29,2015-07-20,3,68244.0,67050.95435894586
ets,statistical,FOODS,FOODS,stable,2015-07-27,2015-08-17,3,170866.0,179986.3904828419
ets,statistical,HOBBIES,HOBBIES,stable,2015-07-27,2015-08-17,3,26847.0,27102.658815448664
ets,statistical,HOUSEHOLD,HOUSEHOLD,stable,2015-07-27,2015-08-17,3,72506.0,67925.53829322431
ets,statistical,FOODS,FOODS,stable,2015-08-24,2015-09-14,3,184838.0,184194.86728965654
ets,statistical,HOBBIES,HOBBIES,stable,2015-08-24,2015-09-14,3,27238.0,27431.510897520835
ets,statistical,HOUSEHOLD,HOUSEHOLD,stable,2015-08-24,2015-09-14,3,68010.0,72427.90309234282
ets,statistical,FOODS,FOODS,stable,2015-09-21,2015-10-12,3,188906.0,180933.2792378612
ets,statistical,HOBBIES,HOBBIES,stable,2015-09-21,2015-10-12,3,28451.0,27414.423349536366
ets,statistical,HOUSEHOLD,HOUSEHOLD,stable,2015-09-21,2015-10-12,3,66364.0,72131.07385355677
ets,statistical,FOODS,FOODS,stable,2015-10-19,2015-11-09,3,178766.0,184445.6730549899
ets,statistical,HOBBIES,HOBBIES,stable,2015-10-19,2015-11-09,3,27873.0,27768.131561126276
ets,statistical,HOUSEHOLD,HOUSEHOLD,stable,2015-10-19,2015-11-09,3,63522.0,71098.4416392778
ets,statistical,FOODS,FOODS,stable,2015-11-16,2015-12-07,3,171224.0,182259.88004998627
ets,statistical,HOBBIES,HOBBIES,stable,2015-11-16,2015-12-07,3,28512.0,29059.6650622822
ets,statistical,HOUSEHOLD,HOUSEHOLD,stable,2015-11-16,2015-12-07,3,61885.0,66728.99606271402
ets,statistical,FOODS,FOODS,stable,2015-12-14,2016-01-04,3,188614.0,173253.64954656508
ets,statistical,HOBBIES,HOBBIES,stable,2015-12-14,2016-01-04,3,26622.0,27630.52437403112
ets,statistical,HOUSEHOLD,HOUSEHOLD,stable,2015-12-14,2016-01-04,3,64577.0,61055.96543997655
ets,statistical,FOODS,FOODS,stable,2016-01-11,2016-02-01,3,196176.0,167215.93147567284
ets,statistical,HOBBIES,HOBBIES,stable,2016-01-11,2016-02-01,3,27960.0,27707.622219876266
ets,statistical,HOUSEHOLD,HOUSEHOLD,stable,2016-01-11,2016-02-01,3,69396.0,59298.30416485335
ets,statistical,FOODS,FOODS,stable,2016-02-08,2016-02-29,3,199561.0,176834.8530640324
ets,statistical,HOBBIES,HOBBIES,stable,2016-02-08,2016-02-29,3,27853.0,26438.83713031679
ets,statistical,HOUSEHOLD,HOUSEHOLD,stable,2016-02-08,2016-02-29,3,75163.0,64551.71629004494
ets,statistical,FOODS,FOODS,stable,2016-03-07,2016-03-28,3,189164.0,189070.87223205177
ets,statistical,HOBBIES,HOBBIES,stable,2016-03-07,2016-03-28,3,28311.0,27535.468681538132
ets,statistical,HOUSEHOLD,HOUSEHOLD,stable,2016-03-07,2016-03-28,3,74096.0,72692.52194386086
ets,statistical,FOODS,FOODS,stable,2013-10-21,2013-11-18,4,151625.0,189472.71342095028
ets,statistical,HOBBIES,HOBBIES,stable,2013-10-21,2013-11-18,4,25023.0,23372.173824509002
ets,statistical,HOUSEHOLD,HOUSEHOLD,stable,2013-10-21,2013-11-18,4,51954.0,59814.63552979725
ets,statistical,FOODS,FOODS,stable,2013-11-18,2013-12-16,4,161055.0,183376.53251952378
ets,statistical,HOBBIES,HOBBIES,stable,2013-11-18,2013-12-16,4,25464.0,25305.860958185367
ets,statistical,HOUSEHOLD,HOUSEHOLD,stable,2013-11-18,2013-12-16,4,47908.0,56991.16624545956
ets,statistical,FOODS,FOODS,stable,2013-12-16,2014-01-13,4,171872.0,175833.035835539
ets,statistical,HOBBIES,HOBBIES,stable,2013-12-16,2014-01-13,4,23848.0,25285.480840953118
ets,statistical,HOUSEHOLD,HOUSEHOLD,stable,2013-12-16,2014-01-13,4,49886.0,53701.46483404831
ets,statistical,FOODS,FOODS,stable,2014-01-13,2014-02-10,4,179607.0,172127.19478915297
ets,statistical,HOBBIES,HOBBIES,stable,2014-01-13,2014-02-10,4,23131.0,25214.854667766256
ets,statistical,HOUSEHOLD,HOUSEHOLD,stable,2014-01-13,2014-02-10,4,60870.0,49715.372395926206
ets,statistical,FOODS,FOODS,stable,2014-02-10,2014-03-10,4,185766.0,173195.11215345084
ets,statistical,HOBBIES,HOBBIES,stable,2014-02-10,2014-03-10,4,22616.0,23905.559697102013
ets,statistical,HOUSEHOLD,HOUSEHOLD,stable,2014-02-10,2014-03-10,4,58747.0,50334.59248699923
ets,statistical,FOODS,FOODS,stable,2014-03-10,2014-04-07,4,191354.0,173702.7526598059
ets,statistical,HOBBIES,HOBBIES,stable,2014-03-10,2014-04-07,4,22134.0,23776.643925751214
ets,statistical,HOUSEHOLD,HOUSEHOLD,stable,2014-03-10,2014-04-07,4,57278.0,58827.7164151837
ets,statistical,FOODS,FOODS,stable,2014-04-07,2014-05-05,4,176795.0,175476.94420032168
ets,statistical,HOBBIES,HOBBIES,stable,2014-04-07,2014-05-05,4,22268.0,23127.507542146275
ets,statistical,HOUSEHOLD,HOUSEHOLD,stable,2014-04-07,2014-05-05,4,51719.0,60019.589423271434
ets,statistical,FOODS,FOODS,stable,2014-05-05,2014-06-02,4,190457.0,178148.53427388196
ets,statistical,HOBBIES,HOBBIES,stable,2014-05-05,2014-06-02,4,23516.0,22634.260698826623
ets,statistical,HOUSEHOLD,HOUSEHOLD,stable,2014-05-05,2014-06-02,4,57333.0,58483.12052910878
ets,statistical,FOODS,FOODS,stable,2014-06-02,2014-06-30,4,197078.0,178647.8685473596
ets,statistical,HOBBIES,HOBBIES,stable,2014-06-02,2014-06-30,4,23966.0,22611.702326156377
ets,statistical,HOUSEHOLD,HOUSEHOLD,stable,2014-06-02,2014-06-30,4,59906.0,54661.7893181592
ets,statistical,FOODS,FOODS,stable,2014-06-30,2014-07-28,4,178772.0,177147.05863762647
ets,statistical,HOBBIES,HOBBIES,stable,2014-06-30,2014-07-28,4,23420.0,23159.199678408193
ets,statistical,HOUSEHOLD,HOUSEHOLD,stable,2014-06-30,2014-07-28,4,61031.0,56735.52056887351
ets,statistical,FOODS,FOODS,stable,2014-07-28,2014-08-25,4,164149.0,181696.3869868517
ets,statistical,HOBBIES,HOBBIES,stable,2014-07-28,2014-08-25,4,21292.0,23477.65298322835
ets,statistical,HOUSEHOLD,HOUSEHOLD,stable,2014-07-28,2014-08-25,4,60250.0,58527.55159759439
ets,statistical,FOODS,FOODS,stable,2014-08-25,2014-09-22,4,160625.0,181839.55887246196
ets,statistical,HOBBIES,HOBBIES,stable,2014-08-25,2014-09-22,4,20553.0,22891.167869235105
ets,statistical,HOUSEHOLD,HOUSEHOLD,stable,2014-08-25,2014-09-22,4,55144.0,59978.322347363224
ets,statistical,FOODS,FOODS,stable,2014-09-22,2014-10-20,4,152870.0,181376.46433359172
ets,statistical,HOBBIES,HOBBIES,stable,2014-09-22,2014-10-20,4,23998.0,21913.257283002495
ets,statistical,HOUSEHOLD,HOUSEHOLD,stable,2014-09-22,2014-10-20,4,54904.0,61447.97246940476
ets,statistical,FOODS,FOODS,stable,2014-10-20,2014-11-17,4,154787.0,179398.32487472665
ets,statistical,HOBBIES,HOBBIES,stable,2014-10-20,2014-11-17,4,23818.0,21426.405418259998
ets,statistical,HOUSEHOLD,HOUSEHOLD,stable,2014-10-20,2014-11-17,4,53409.0,57340.90124944715
ets,statistical,FOODS,FOODS,stable,2014-11-17,2014-12-15,4,159424.0,175204.09904578447
ets,statistical,HOBBIES,HOBBIES,stable,2014-11-17,2014-12-15,4,24021.0,23542.674935693587
ets,statistical,HOUSEHOLD,HOUSEHOLD,stable,2014-11-17,2014-12-15,4,49880.0,57005.81988573944
ets,statistical,FOODS,FOODS,stable,2014-12-15,2015-01-12,4,172396.0,171267.00261147224
ets,statistical,HOBBIES,HOBBIES,stable,2014-12-15,2015-01-12,4,22588.0,23962.160647289198
ets,statistical,HOUSEHOLD,HOUSEHOLD,stable,2014-12-15,2015-01-12,4,55818.0,54703.28128936306
ets,statistical,FOODS,FOODS,stable,2015-01-12,2015-02-09,4,183405.0,165648.41841648374
ets,statistical,HOBBIES,HOBBIES,stable,2015-01-12,2015-02-09,4,26007.0,23999.47711154076
ets,statistical,HOUSEHOLD,HOUSEHOLD,stable,2015-01-12,2015-02-09,4,62050.0,51582.202762922934
ets,statistical,FOODS,FOODS,stable,2015-02-09,2015-03-09,4,173788.0,166429.7077815392
ets,statistical,HOBBIES,HOBBIES,stable,2015-02-09,2015-03-09,4,25498.0,22640.233736250684
ets,statistical,HOUSEHOLD,HOUSEHOLD,stable,2015-02-09,2015-03-09,4,67534.0,54093.14467755428
ets,statistical,FOODS,FOODS,stable,2015-03-09,2015-04-06,4,174171.0,172151.61602709448
ets,statistical,HOBBIES,HOBBIES,stable,2015-03-09,2015-04-06,4,27047.0,25358.402498643216
ets,statistical,HOUSEHOLD,HOUSEHOLD,stable,2015-03-09,2015-04-06,4,66799.0,62854.24416212473
ets,statistical,FOODS,FOODS,stable,2015-04-06,2015-05-04,4,175994.0,169216.92298392113
ets,statistical,HOBBIES,HOBBIES,stable,2015-04-06,2015-05-04,4,26818.0,25984.979099553
ets,statistical,HOUSEHOLD,HOUSEHOLD,stable,2015-04-06,2015-05-04,4,61786.0,66825.8007456146
ets,statistical,FOODS,FOODS,stable,2015-05-04,2015-06-01,4,187633.0,168610.41114834909
ets,statistical,HOBBIES,HOBBIES,stable,2015-05-04,2015-06-01,4,27683.0,26651.593104582396
ets,statistical,HOUSEHOLD,HOUSEHOLD,stable,2015-05-04,2015-06-01,4,69496.0,66598.8752418682
ets,statistical,FOODS,FOODS,stable,2015-06-01,2015-06-29,4,183195.0,169820.20293926296
ets,statistical,HOBBIES,HOBBIES,stable,2015-06-01,2015-06-29,4,27730.0,26620.08142597102
ets,statistical,HOUSEHOLD,HOUSEHOLD,stable,2015-06-01,2015-06-29,4,70278.0,63249.20613238757
ets,statistical,FOODS,FOODS,stable,2015-06-29,2015-07-27,4,177095.0,169554.29682893772
ets,statistical,HOBBIES,HOBBIES,stable,2015-06-29,2015-07-27,4,27389.0,27341.55335799851
ets,statistical,HOUSEHOLD,HOUSEHOLD,stable,2015-06-29,2015-07-27,4,71946.0,68626.38035301783
ets,statistical,FOODS,FOODS,stable,2015-07-27,2015-08-24,4,163579.0,175922.1840225424
ets,statistical,HOBBIES,HOBBIES,stable,2015-07-27,2015-08-24,4,26881.0,26918.308694878986
ets,statistical,HOUSEHOLD,HOUSEHOLD,stable,2015-07-27,2015-08-24,4,69975.0,68770.14836541074
ets,statistical,FOODS,FOODS,stable,2015-08-24,2015-09-21,4,174899.0,180458.53999019382
ets,statistical,HOBBIES,HOBBIES,stable,2015-08-24,2015-09-21,4,26427.0,27222.667127654877
ets,statistical,HOUSEHOLD,HOUSEHOLD,stable,2015-08-24,2015-09-21,4,67730.0,71354.82319981253
ets,statistical,FOODS,FOODS,stable,2015-09-21,2015-10-19,4,170327.0,180295.19414873922
ets,statistical,HOBBIES,HOBBIES,stable,2015-09-21,2015-10-19,4,29022.0,27260.21484672908
ets,statistical,HOUSEHOLD,HOUSEHOLD,stable,2015-09-21,2015-10-19,4,63444.0,71847.79327225509
ets,statistical,FOODS,FOODS,stable,2015-10-19,2015-11-16,4,163600.0,184047.66790437355
ets,statistical,HOBBIES,HOBBIES,stable,2015-10-19,2015-11-16,4,28916.0,27179.25546019408
ets,statistical,HOUSEHOLD,HOUSEHOLD,stable,2015-10-19,2015-11-16,4,62993.0,69426.75918086893
ets,statistical,FOODS,FOODS,stable,2015-11-16,2015-12-14,4,172620.0,185843.7044181615
ets,statistical,HOBBIES,HOBBIES,stable,2015-11-16,2015-12-14,4,29474.0,28530.87721931446
ets,statistical,HOUSEHOLD,HOUSEHOLD,stable,2015-11-16,2015-12-14,4,62390.0,66293.90939524228
ets,statistical,FOODS,FOODS,stable,2015-12-14,2016-01-11,4,192196.0,178793.9789298476
ets,statistical,HOBBIES,HOBBIES,stable,2015-12-14,2016-01-11,4,25274.0,29048.16479035331
ets,statistical,HOUSEHOLD,HOUSEHOLD,stable,2015-12-14,2016-01-11,4,62194.0,64981.47044413885
ets,statistical,FOODS,FOODS,stable,2016-01-11,2016-02-08,4,207012.0,173767.97688898802
ets,statistical,HOBBIES,HOBBIES,stable,2016-01-11,2016-02-08,4,27188.0,29183.123661243186
ets,statistical,HOUSEHOLD,HOUSEHOLD,stable,2016-01-11,2016-02-08,4,71328.0,63677.456586444714
ets,statistical,FOODS,FOODS,stable,2016-02-08,2016-03-07,4,202687.0,176533.64323301488
ets,statistical,HOBBIES,HOBBIES,stable,2016-02-08,2016-03-07,4,25958.0,26701.652598411496
ets,statistical,HOUSEHOLD,HOUSEHOLD,stable,2016-02-08,2016-03-07,4,69962.0,63843.58507777111
ets,statistical,FOODS,FOODS,stable,2016-03-07,2016-04-04,4,211390.0,186300.17303030257
ets,statistical,HOBBIES,HOBBIES,stable,2016-03-07,2016-04-04,4,27290.0,27445.1830140976
ets,statistical,HOUSEHOLD,HOUSEHOLD,stable,2016-03-07,2016-04-04,4,72087.0,70479.0418138188
ets,statistical,FOODS,FOODS,stable,2013-10-21,2013-11-25,5,140623.0,193658.2484341987
ets,statistical,HOBBIES,HOBBIES,stable,2013-10-21,2013-11-25,5,21798.0,22734.824702530317
ets,statistical,HOUSEHOLD,HOUSEHOLD,stable,2013-10-21,2013-11-25,5,49301.0,61949.475511771896
ets,statistical,FOODS,FOODS,stable,2013-11-18,2013-12-23,5,137601.0,188721.07186239486
ets,statistical,HOBBIES,HOBBIES,stable,2013-11-18,2013-12-23,5,20649.0,25182.171217560164
ets,statistical,HOUSEHOLD,HOUSEHOLD,stable,2013-11-18,2013-12-23,5,44569.0,58831.74289161491
ets,statistical,FOODS,FOODS,stable,2013-12-16,2014-01-20,5,154627.0,181686.75762855
ets,statistical,HOBBIES,HOBBIES,stable,2013-12-16,2014-01-20,5,22784.0,25270.17005783853
ets,statistical,HOUSEHOLD,HOUSEHOLD,stable,2013-12-16,2014-01-20,5,49204.0,54876.77154613397
ets,statistical,FOODS,FOODS,stable,2014-01-13,2014-02-17,5,159473.0,174652.09297281498
ets,statistical,HOBBIES,HOBBIES,stable,2014-01-13,2014-02-17,5,22138.0,24917.607732571905
ets,statistical,HOUSEHOLD,HOUSEHOLD,stable,2014-01-13,2014-02-17,5,63011.0,51165.806912620974
ets,statistical,FOODS,FOODS,stable,2014-02-10,2014-03-17,5,161595.0,173117.1499822614
ets,statistical,HOBBIES,HOBBIES,stable,2014-02-10,2014-03-17,5,21925.0,23804.512983943037
ets,statistical,HOUSEHOLD,HOUSEHOLD,stable,2014-02-10,2014-03-17,5,55666.0,49998.04870769954
ets,statistical,FOODS,FOODS,stable,2014-03-10,2014-04-14,5,187865.0,171819.4400358954
ets,statistical,HOBBIES,HOBBIES,stable,2014-03-10,2014-04-14,5,21978.0,24007.972539945986
ets,statistical,HOUSEHOLD,HOUSEHOLD,stable,2014-03-10,2014-04-14,5,55383.0,54587.52898416338
ets,statistical,FOODS,FOODS,stable,2014-04-07,2014-05-12,5,180086.0,172532.22074988196
ets,statistical,HOBBIES,HOBBIES,stable,2014-04-07,2014-05-12,5,22273.0,23297.711883438584
ets,statistical,HOUSEHOLD,HOUSEHOLD,stable,2014-04-07,2014-05-12,5,53374.0,60563.133898905515
ets,statistical,FOODS,FOODS,stable,2014-05-05,2014-06-09,5,192639.0,174541.08375659474
ets,statistical,HOBBIES,HOBBIES,stable,2014-05-05,2014-06-09,5,22601.0,22808.205540218616
ets,statistical,HOUSEHOLD,HOUSEHOLD,stable,2014-05-05,2014-06-09,5,52229.0,59010.54119654822
ets,statistical,FOODS,FOODS,stable,2014-06-02,2014-07-07,5,198740.0,178707.804886276
ets,statistical,HOBBIES,HOBBIES,stable,2014-06-02,2014-07-07,5,22165.0,22700.22158115654
ets,statistical,HOUSEHOLD,HOUSEHOLD,stable,2014-06-02,2014-07-07,5,57195.0,57874.72952502558
ets,statistical,FOODS,FOODS,stable,2014-06-30,2014-08-04,5,188000.0,173524.10374866537
ets,statistical,HOBBIES,HOBBIES,stable,2014-06-30,2014-08-04,5,21936.0,22848.628773971068
ets,statistical,HOUSEHOLD,HOUSEHOLD,stable,2014-06-30,2014-08-04,5,58712.0,54731.73987047438
ets,statistical,FOODS,FOODS,stable,2014-07-28,2014-09-01,5,190838.0,177764.99365001463
ets,statistical,HOBBIES,HOBBIES,stable,2014-07-28,2014-09-01,5,22413.0,23093.58812760948
ets,statistical,HOUSEHOLD,HOUSEHOLD,stable,2014-07-28,2014-09-01,5,61120.0,55500.92467937412
ets,statistical,FOODS,FOODS,stable,2014-08-25,2014-09-29,5,180688.0,182182.23703561403
ets,statistical,HOBBIES,HOBBIES,stable,2014-08-25,2014-09-29,5,23191.0,22493.146263012426
ets,statistical,HOUSEHOLD,HOUSEHOLD,stable,2014-08-25,2014-09-29,5,63831.0,57443.15831960975
ets,statistical,FOODS,FOODS,stable,2014-09-22,2014-10-27,5,159938.0,184922.52732216698
ets,statistical,HOBBIES,HOBBIES,stable,2014-09-22,2014-10-27,5,25019.0,22176.390773861433
ets,statistical,HOUSEHOLD,HOUSEHOLD,stable,2014-09-22,2014-10-27,5,55555.0,61958.62942784506
ets,statistical,FOODS,FOODS,stable,2014-10-20,2014-11-24,5,148379.0,183325.16200494478
ets,statistical,HOBBIES,HOBBIES,stable,2014-10-20,2014-11-24,5,20649.0,21839.507797554546
ets,statistical,HOUSEHOLD,HOUSEHOLD,stable,2014-10-20,2014-11-24,5,49820.0,59400.62073659936
ets,statistical,FOODS,FOODS,stable,2014-11-17,2014-12-22,5,129811.0,180138.26642650447
ets,statistical,HOBBIES,HOBBIES,stable,2014-11-17,2014-12-22,5,19830.0,23173.338077973756
ets,statistical,HOUSEHOLD,HOUSEHOLD,stable,2014-11-17,2014-12-22,5,45991.0,58864.01611720369
ets,statistical,FOODS,FOODS,stable,2014-12-15,2015-01-19,5,154850.0,174994.9989234113
ets,statistical,HOBBIES,HOBBIES,stable,2014-12-15,2015-01-19,5,23487.0,23936.788397889304
ets,statistical,HOUSEHOLD,HOUSEHOLD,stable,2014-12-15,2015-01-19,5,55367.0,55567.90275752632
ets,statistical,FOODS,FOODS,stable,2015-01-12,2015-02-16,5,153988.0,168311.42604745628
ets,statistical,HOBBIES,HOBBIES,stable,2015-01-12,2015-02-16,5,25493.0,23886.951839889283
ets,statistical,HOUSEHOLD,HOUSEHOLD,stable,2015-01-12,2015-02-16,5,64663.0,53031.482078032226
ets,statistical,FOODS,FOODS,stable,2015-02-09,2015-03-16,5,157071.0,162350.4374685818
ets,statistical,HOBBIES,HOBBIES,stable,2015-02-09,2015-03-16,5,25185.0,22583.952331385888
ets,statistical,HOUSEHOLD,HOUSEHOLD,stable,2015-02-09,2015-03-16,5,62962.0,51297.84917773471
ets,statistical,FOODS,FOODS,stable,2015-03-09,2015-04-13,5,166242.0,169073.8269248283
ets,statistical,HOBBIES,HOBBIES,stable,2015-03-09,2015-04-13,5,24620.0,24857.42284902407
ets,statistical,HOUSEHOLD,HOUSEHOLD,stable,2015-03-09,2015-04-13,5,63284.0,62921.10005553692
ets,statistical,FOODS,FOODS,stable,2015-04-06,2015-05-11,5,171391.0,167845.7430880689
ets,statistical,HOBBIES,HOBBIES,stable,2015-04-06,2015-05-11,5,26561.0,26144.054093968858
ets,statistical,HOUSEHOLD,HOUSEHOLD,stable,2015-04-06,2015-05-11,5,66605.0,64820.60816021743
ets,statistical,FOODS,FOODS,stable,2015-05-04,2015-06-08,5,192488.0,166958.39424526412
ets,statistical,HOBBIES,HOBBIES,stable,2015-05-04,2015-06-08,5,25266.0,26299.19440360459
ets,statistical,HOUSEHOLD,HOUSEHOLD,stable,2015-05-04,2015-06-08,5,65229.0,65309.43076761383
ets,statistical,FOODS,FOODS,stable,2015-06-01,2015-07-06,5,196107.0,168088.62226057623
ets,statistical,HOBBIES,HOBBIES,stable,2015-06-01,2015-07-06,5,27272.0,26387.23624992351
ets,statistical,HOUSEHOLD,HOUSEHOLD,stable,2015-06-01,2015-07-06,5,66667.0,64209.41209320973
ets,statistical,FOODS,FOODS,stable,2015-06-29,2015-08-03,5,198895.0,162866.27598530383
ets,statistical,HOBBIES,HOBBIES,stable,2015-06-29,2015-08-03,5,27645.0,27021.725884488736
ets,statistical,HOUSEHOLD,HOUSEHOLD,stable,2015-06-29,2015-08-03,5,72654.0,66478.59086644
ets,statistical,FOODS,FOODS,stable,2015-07-27,2015-08-31,5,182777.0,173944.35495644348
ets,statistical,HOBBIES,HOBBIES,stable,2015-07-27,2015-08-31,5,27533.0,26343.31222817915
ets,statistical,HOUSEHOLD,HOUSEHOLD,stable,2015-07-27,2015-08-31,5,71744.0,65885.19245747787
ets,statistical,FOODS,FOODS,stable,2015-08-24,2015-09-28,5,185259.0,180974.21021104135
ets,statistical,HOBBIES,HOBBIES,stable,2015-08-24,2015-09-28,5,28675.0,27010.862540463815
ets,statistical,HOUSEHOLD,HOUSEHOLD,stable,2015-08-24,2015-09-28,5,71848.0,69804.5928929614
ets,statistical,FOODS,FOODS,stable,2015-09-21,2015-10-26,5,165798.0,183950.05162712533
ets,statistical,HOBBIES,HOBBIES,stable,2015-09-21,2015-10-26,5,29827.0,27353.484588510637
ets,statistical,HOUSEHOLD,HOUSEHOLD,stable,2015-09-21,2015-10-26,5,66536.0,73162.60824389356
ets,statistical,FOODS,FOODS,stable,2015-10-19,2015-11-23,5,150214.0,185897.12076988493
ets,statistical,HOBBIES,HOBBIES,stable,2015-10-19,2015-11-23,5,24903.0,27482.250705143106
ets,statistical,HOUSEHOLD,HOUSEHOLD,stable,2015-10-19,2015-11-23,5,57575.0,70606.35929305584
ets,statistical,FOODS,FOODS,stable,2015-11-16,2015-12-21,5,140943.0,189164.20480887804
ets,statistical,HOBBIES,HOBBIES,stable,2015-11-16,2015-12-21,5,24729.0,28133.47386462689
ets,statistical,HOUSEHOLD,HOUSEHOLD,stable,2015-11-16,2015-12-21,5,55210.0,69039.37526867773
ets,statistical,FOODS,FOODS,stable,2015-12-14,2016-01-18,5,177317.0,182136.4192457472
ets,statistical,HOBBIES,HOBBIES,stable,2015-12-14,2016-01-18,5,25832.0,28994.098415320223
ets,statistical,HOUSEHOLD,HOUSEHOLD,stable,2015-12-14,2016-01-18,5,64708.0,66638.40043035234
ets,statistical,FOODS,FOODS,stable,2016-01-11,2016-02-15,5,198657.0,173320.74906369322
ets,statistical,HOBBIES,HOBBIES,stable,2016-01-11,2016-02-15,5,27506.0,28908.236488385683
ets,statistical,HOUSEHOLD,HOUSEHOLD,stable,2016-01-11,2016-02-15,5,74002.0,64441.87742728325
ets,statistical,FOODS,FOODS,stable,2016-02-08,2016-03-14,5,193108.0,172491.63086042256
ets,statistical,HOBBIES,HOBBIES,stable,2016-02-08,2016-03-14,5,26519.0,27384.10626786563
ets,statistical,HOUSEHOLD,HOUSEHOLD,stable,2016-02-08,2016-03-14,5,67798.0,64982.62246833642
ets,statistical,FOODS,FOODS,stable,2016-03-07,2016-04-11,5,201045.0,180867.81957320054
ets,statistical,HOBBIES,HOBBIES,stable,2016-03-07,2016-04-11,5,27683.0,27521.147011622863
ets,statistical,HOUSEHOLD,HOUSEHOLD,stable,2016-03-07,2016-04-11,5,67281.0,68660.33114280457
ets,statistical,FOODS,FOODS,stable,2013-10-21,2013-12-02,6,184812.0,197179.9490965756
ets,statistical,HOBBIES,HOBBIES,stable,2013-10-21,2013-12-02,6,26061.0,22318.2171829825
ets,statistical,HOUSEHOLD,HOUSEHOLD,stable,2013-10-21,2013-12-02,6,52681.0,61696.314394412104
ets,statistical,FOODS,FOODS,stable,2013-11-18,2013-12-30,6,178139.0,191541.68922470132
ets,statistical,HOBBIES,HOBBIES,stable,2013-11-18,2013-12-30,6,23823.0,25077.191706147074
ets,statistical,HOUSEHOLD,HOUSEHOLD,stable,2013-11-18,2013-12-30,6,50428.0,61258.10417195779
ets,statistical,FOODS,FOODS,stable,2013-12-16,2014-01-27,6,158115.0,183211.9346009782
ets,statistical,HOBBIES,HOBBIES,stable,2013-12-16,2014-01-27,6,23078.0,25254.31914699669
ets,statistical,HOUSEHOLD,HOUSEHOLD,stable,2013-12-16,2014-01-27,6,50586.0,56720.46334205294
ets,statistical,FOODS,FOODS,stable,2014-01-13,2014-02-24,6,160250.0,173800.24990141415
ets,statistical,HOBBIES,HOBBIES,stable,2014-01-13,2014-02-24,6,22878.0,25127.773993298993
ets,statistical,HOUSEHOLD,HOUSEHOLD,stable,2014-01-13,2014-02-24,6,60106.0,53206.69465513283
ets,statistical,FOODS,FOODS,stable,2014-02-10,2014-03-24,6,158687.0,169511.33186200878
ets,statistical,HOBBIES,HOBBIES,stable,2014-02-10,2014-03-24,6,21920.0,23996.641631181064
ets,statistical,HOUSEHOLD,HOUSEHOLD,stable,2014-02-10,2014-03-24,6,54193.0,49854.94002484996
ets,statistical,FOODS,FOODS,stable,2014-03-10,2014-04-21,6,165589.0,168939.02090284278
ets,statistical,HOBBIES,HOBBIES,stable,2014-03-10,2014-04-21,6,22791.0,23658.487995459494
ets,statistical,HOUSEHOLD,HOUSEHOLD,stable,2014-03-10,2014-04-21,6,54397.0,51237.659448260114
ets,statistical,FOODS,FOODS,stable,2014-04-07,2014-05-19,6,157666.0,170576.3318706723
ets,statistical,HOBBIES,HOBBIES,stable,2014-04-07,2014-05-19,6,22098.0,23369.23410812741
ets,statistical,HOUSEHOLD,HOUSEHOLD,stable,2014-04-07,2014-05-19,6,49721.0,62039.29375135826
ets,statistical,FOODS,FOODS,stable,2014-05-05,2014-06-16,6,177631.0,171802.3141490726
ets,statistical,HOBBIES,HOBBIES,stable,2014-05-05,2014-06-16,6,23158.0,22678.590530182013
ets,statistical,HOUSEHOLD,HOUSEHOLD,stable,2014-05-05,2014-06-16,6,56221.0,56666.36386225184
ets,statistical,FOODS,FOODS,stable,2014-06-02,2014-07-14,6,178522.0,179204.5476757992
ets,statistical,HOBBIES,HOBBIES,stable,2014-06-02,2014-07-14,6,22647.0,22796.401090510513
ets,statistical,HOUSEHOLD,HOUSEHOLD,stable,2014-06-02,2014-07-14,6,57986.0,56464.64333146678
ets,statistical,FOODS,FOODS,stable,2014-06-30,2014-08-11,6,189325.0,176712.30822730932
ets,statistical,HOBBIES,HOBBIES,stable,2014-06-30,2014-08-11,6,21961.0,22596.68760611842
ets,statistical,HOUSEHOLD,HOUSEHOLD,stable,2014-06-30,2014-08-11,6,59949.0,52409.07335471387
ets,statistical,FOODS,FOODS,stable,2014-07-28,2014-09-08,6,188250.0,181552.15384133827
ets,statistical,HOBBIES,HOBBIES,stable,2014-07-28,2014-09-08,6,21386.0,23291.107233950617
ets,statistical,HOUSEHOLD,HOUSEHOLD,stable,2014-07-28,2014-09-08,6,58068.0,56430.13326435354
ets,statistical,FOODS,FOODS,stable,2014-08-25,2014-10-06,6,182711.0,185689.69094503878
ets,statistical,HOBBIES,HOBBIES,stable,2014-08-25,2014-10-06,6,22890.0,23131.208472415987
ets,statistical,HOUSEHOLD,HOUSEHOLD,stable,2014-08-25,2014-10-06,6,58489.0,59048.55226556946
ets,statistical,FOODS,FOODS,stable,2014-09-22,2014-11-03,6,178606.0,186088.9890981846
ets,statistical,HOBBIES,HOBBIES,stable,2014-09-22,2014-11-03,6,23433.0,22571.68291424899
ets,statistical,HOUSEHOLD,HOUSEHOLD,stable,2014-09-22,2014-11-03,6,58980.0,60838.69945088507
ets,statistical,FOODS,FOODS,stable,2014-10-20,2014-12-01,6,169126.0,185950.75182099294
ets,statistical,HOBBIES,HOBBIES,stable,2014-10-20,2014-12-01,6,25822.0,22052.5345198833
ets,statistical,HOUSEHOLD,HOUSEHOLD,stable,2014-10-20,2014-12-01,6,57352.0,60599.464727817314
ets,statistical,FOODS,FOODS,stable,2014-11-17,2014-12-29,6,161394.0,181981.61890672412
ets,statistical,HOBBIES,HOBBIES,stable,2014-11-17,2014-12-29,6,23134.0,22574.020057231068
ets,statistical,HOUSEHOLD,HOUSEHOLD,stable,2014-11-17,2014-12-29,6,55146.0,60743.83742574273
ets,statistical,FOODS,FOODS,stable,2014-12-15,2015-01-26,6,158785.0,175030.58827628836
ets,statistical,HOBBIES,HOBBIES,stable,2014-12-15,2015-01-26,6,24985.0,24107.323265915278
ets,statistical,HOUSEHOLD,HOUSEHOLD,stable,2014-12-15,2015-01-26,6,59443.0,58816.39282141578
ets,statistical,FOODS,FOODS,stable,2015-01-12,2015-02-23,6,149304.0,168518.1077021827
ets,statistical,HOBBIES,HOBBIES,stable,2015-01-12,2015-02-23,6,26400.0,24103.43447768492
ets,statistical,HOUSEHOLD,HOUSEHOLD,stable,2015-01-12,2015-02-23,6,66954.0,55920.76821658296
ets,statistical,FOODS,FOODS,stable,2015-02-09,2015-03-23,6,151487.0,157517.10437396922
ets,statistical,HOBBIES,HOBBIES,stable,2015-02-09,2015-03-23,6,25402.0,22964.388759265094
ets,statistical,HOUSEHOLD,HOUSEHOLD,stable,2015-02-09,2015-03-23,6,60836.0,52994.31893741119
ets,statistical,FOODS,FOODS,stable,2015-03-09,2015-04-20,6,156479.0,161518.30371738583
ets,statistical,HOBBIES,HOBBIES,stable,2015-03-09,2015-04-20,6,26415.0,23884.039217456357
ets,statistical,HOUSEHOLD,HOUSEHOLD,stable,2015-03-09,2015-04-20,6,62918.0,58333.28694522814
ets,statistical,FOODS,FOODS,stable,2015-04-06,2015-05-18,6,150530.0,163835.4345457497
ets,statistical,HOBBIES,HOBBIES,stable,2015-04-06,2015-05-18,6,26868.0,26059.79927505452
ets,statistical,HOUSEHOLD,HOUSEHOLD,stable,2015-04-06,2015-05-18,6,62996.0,66841.58245804686
ets,statistical,FOODS,FOODS,stable,2015-05-04,2015-06-15,6,179213.0,162598.41504365267
ets,statistical,HOBBIES,HOBBIES,stable,2015-05-04,2015-06-15,6,26060.0,25868.094891426408
ets,statistical,HOUSEHOLD,HOUSEHOLD,stable,2015-05-04,2015-06-15,6,63405.0,63585.1526201373
ets,statistical,FOODS,FOODS,stable,2015-06-01,2015-07-13,6,189667.0,167095.31055253735
ets,statistical,HOBBIES,HOBBIES,stable,2015-06-01,2015-07-13,6,27161.0,26380.8302720789
ets,statistical,HOUSEHOLD,HOUSEHOLD,stable,2015-06-01,2015-07-13,6,69925.0,64820.847659545696
ets,statistical,FOODS,FOODS,stable,2015-06-29,2015-08-10,6,190083.0,165091.46737281556
ets,statistical,HOBBIES,HOBBIES,stable,2015-06-29,2015-08-10,6,26877.0,26989.75161573299
ets,statistical,HOUSEHOLD,HOUSEHOLD,stable,2015-06-29,2015-08-10,6,70957.0,65029.042170824396
ets,statistical,FOODS,FOODS,stable,2015-07-27,2015-09-07,6,199434.0,176316.61627839194
ets,statistical,HOBBIES,HOBBIES,stable,2015-07-27,2015-09-07,6,26873.0,26684.448487467485
ets,statistical,HOUSEHOLD,HOUSEHOLD,stable,2015-07-27,2015-09-07,6,71148.0,65974.84797437167
ets,statistical,FOODS,FOODS,stable,2015-08-24,2015-10-05,6,200451.0,183282.1194868289
ets,statistical,HOBBIES,HOBBIES,stable,2015-08-24,2015-10-05,6,27168.0,27379.122326208773
ets,statistical,HOUSEHOLD,HOUSEHOLD,stable,2015-08-24,2015-10-05,6,69502.0,70051.70616321755
ets,statistical,FOODS,FOODS,stable,2015-09-21,2015-11-02,6,177296.0,186764.41906865872
ets,statistical,HOBBIES,HOBBIES,stable,2015-09-21,2015-11-02,6,29411.0,27487.611929191306
ets,statistical,HOUSEHOLD,HOUSEHOLD,stable,2015-09-21,2015-11-02,6,69897.0,72672.69152395325
ets,statistical,FOODS,FOODS,stable,2015-10-19,2015-11-30,6,172158.0,185777.67480900147
ets,statistical,HOBBIES,HOBBIES,stable,2015-10-19,2015-11-30,6,30690.0,27471.01239182634
ets,statistical,HOUSEHOLD,HOUSEHOLD,stable,2015-10-19,2015-11-30,6,69374.0,72629.50942493869
ets,statistical,FOODS,FOODS,stable,2015-11-16,2015-12-28,6,166308.0,188847.1969471484
ets,statistical,HOBBIES,HOBBIES,stable,2015-11-16,2015-12-28,6,26913.0,27806.552318376245
ets,statistical,HOUSEHOLD,HOUSEHOLD,stable,2015-11-16,2015-12-28,6,67550.0,71213.49046516069
ets,statistical,FOODS,FOODS,stable,2015-12-14,2016-01-25,6,171099.0,182592.1338746774
ets,statistical,HOBBIES,HOBBIES,stable,2015-12-14,2016-01-25,6,27832.0,29465.464779778064
ets,statistical,HOUSEHOLD,HOUSEHOLD,stable,2015-12-14,2016-01-25,6,67293.0,69431.05448788452
ets,statistical,FOODS,FOODS,stable,2016-01-11,2016-02-22,6,178807.0,174407.7752738821
ets,statistical,HOBBIES,HOBBIES,stable,2016-01-11,2016-02-22,6,26836.0,28971.056657828976
ets,statistical,HOUSEHOLD,HOUSEHOLD,stable,2016-01-11,2016-02-22,6,70800.0,66712.93222433783
ets,statistical,FOODS,FOODS,stable,2016-02-08,2016-03-21,6,195565.0,167398.96880438362
ets,statistical,HOBBIES,HOBBIES,stable,2016-02-08,2016-03-21,6,25605.0,27665.153359488002
ets,statistical,HOUSEHOLD,HOUSEHOLD,stable,2016-02-08,2016-03-21,6,66288.0,64523.15509871306
ets,statistical,FOODS,FOODS,stable,2016-03-07,2016-04-18,6,189333.0,176850.51631270495
ets,statistical,HOBBIES,HOBBIES,stable,2016-03-07,2016-04-18,6,27490.0,27153.47707084204
ets,statistical,HOUSEHOLD,HOUSEHOLD,stable,2016-03-07,2016-04-18,6,68456.0,66835.20622191852
ets,statistical,FOODS,FOODS,stable,2013-10-21,2013-12-09,7,175580.0,194143.2014780986
ets,statistical,HOBBIES,HOBBIES,stable,2013-10-21,2013-12-09,7,24209.0,21387.739811032712
ets,statistical,HOUSEHOLD,HOUSEHOLD,stable,2013-10-21,2013-12-09,7,48654.0,62742.4386247178
ets,statistical,FOODS,FOODS,stable,2013-11-18,2014-01-06,7,184549.0,191356.3667942879
ets,statistical,HOBBIES,HOBBIES,stable,2013-11-18,2014-01-06,7,23172.0,24812.88457916399
ets,statistical,HOUSEHOLD,HOUSEHOLD,stable,2013-11-18,2014-01-06,7,49235.0,64107.639808059444
ets,statistical,FOODS,FOODS,stable,2013-12-16,2014-02-03,7,180856.0,183450.9448542134
ets,statistical,HOBBIES,HOBBIES,stable,2013-12-16,2014-02-03,7,24338.0,25790.550133713583
ets,statistical,HOUSEHOLD,HOUSEHOLD,stable,2013-12-16,2014-02-03,7,56145.0,58486.60468171572
ets,statistical,FOODS,FOODS,stable,2014-01-13,2014-03-03,7,178314.0,169246.52151992606
ets,statistical,HOBBIES,HOBBIES,stable,2014-01-13,2014-03-03,7,22906.0,24334.82259333177
ets,statistical,HOUSEHOLD,HOUSEHOLD,stable,2014-01-13,2014-03-03,7,58426.0,52315.392532684185
ets,statistical,FOODS,FOODS,stable,2014-02-10,2014-03-31,7,183665.0,166165.5861717225
ets,statistical,HOBBIES,HOBBIES,stable,2014-02-10,2014-03-31,7,22791.0,23887.052624573742
ets,statistical,HOUSEHOLD,HOUSEHOLD,stable,2014-02-10,2014-03-31,7,59478.0,47667.700611208944
ets,statistical,FOODS,FOODS,stable,2014-03-10,2014-04-28,7,174654.0,171224.07088057837
ets,statistical,HOBBIES,HOBBIES,stable,2014-03-10,2014-04-28,7,22294.0,23795.861720277146
ets,statistical,HOUSEHOLD,HOUSEHOLD,stable,2014-03-10,2014-04-28,7,57799.0,50691.87674180206
ets,statistical,FOODS,FOODS,stable,2014-04-07,2014-05-26,7,158756.0,172644.8072476
ets,statistical,HOBBIES,HOBBIES,stable,2014-04-07,2014-05-26,7,23059.0,23466.510658425646
ets,statistical,HOUSEHOLD,HOUSEHOLD,stable,2014-04-07,2014-05-26,7,55388.0,62838.14971166891
ets,statistical,FOODS,FOODS,stable,2014-05-05,2014-06-23,7,159756.0,174520.0955520296
ets,statistical,HOBBIES,HOBBIES,stable,2014-05-05,2014-06-23,7,22507.0,22948.434773780307
ets,statistical,HOUSEHOLD,HOUSEHOLD,stable,2014-05-05,2014-06-23,7,53932.0,58650.639435394136
ets,statistical,FOODS,FOODS,stable,2014-06-02,2014-07-21,7,165008.0,182004.76679209492
ets,statistical,HOBBIES,HOBBIES,stable,2014-06-02,2014-07-21,7,21146.0,22635.919554369568
ets,statistical,HOUSEHOLD,HOUSEHOLD,stable,2014-06-02,2014-07-21,7,55343.0,57817.38066569531
ets,statistical,FOODS,FOODS,stable,2014-06-30,2014-08-18,7,177806.0,180776.63861005357
ets,statistical,HOBBIES,HOBBIES,stable,2014-06-30,2014-08-18,7,21273.0,22725.044466315416
ets,statistical,HOUSEHOLD,HOUSEHOLD,stable,2014-06-30,2014-08-18,7,61737.0,54953.602160206385
ets,statistical,FOODS,FOODS,stable,2014-07-28,2014-09-15,7,169705.0,181917.39397906742
ets,statistical,HOBBIES,HOBBIES,stable,2014-07-28,2014-09-15,7,21273.0,23201.778689713883
ets,statistical,HOUSEHOLD,HOUSEHOLD,stable,2014-07-28,2014-09-15,7,57576.0,55123.54643087954
ets,statistical,FOODS,FOODS,stable,2014-08-25,2014-10-13,7,170274.0,186812.1798870603
ets,statistical,HOBBIES,HOBBIES,stable,2014-08-25,2014-10-13,7,24005.0,23247.229941024667
ets,statistical,HOUSEHOLD,HOUSEHOLD,stable,2014-08-25,2014-10-13,7,56499.0,58879.285043774944
ets,statistical,FOODS,FOODS,stable,2014-09-22,2014-11-10,7,173225.0,184790.184336986
ets,statistical,HOBBIES,HOBBIES,stable,2014-09-22,2014-11-10,7,23407.0,22771.886638539687
ets,statistical,HOUSEHOLD,HOUSEHOLD,stable,2014-09-22,2014-11-10,7,52244.0,60395.09662803263
ets,statistical,FOODS,FOODS,stable,2014-10-20,2014-12-08,7,166073.0,184894.20005868256
ets,statistical,HOBBIES,HOBBIES,stable,2014-10-20,2014-12-08,7,23267.0,22297.40285885315
ets,statistical,HOUSEHOLD,HOUSEHOLD,stable,2014-10-20,2014-12-08,7,49998.0,62440.6949061257
ets,statistical,FOODS,FOODS,stable,2014-11-17,2015-01-05,7,178043.0,181465.55083886275
ets,statistical,HOBBIES,HOBBIES,stable,2014-11-17,2015-01-05,7,21698.0,22257.66997304244
ets,statistical,HOUSEHOLD,HOUSEHOLD,stable,2014-11-17,2015-01-05,7,49223.0,62193.579806897076
ets,statistical,FOODS,FOODS,stable,2014-12-15,2015-02-02,7,186691.0,173611.1689765875
ets,statistical,HOBBIES,HOBBIES,stable,2014-12-15,2015-02-02,7,26349.0,24338.253233128646
ets,statistical,HOUSEHOLD,HOUSEHOLD,stable,2014-12-15,2015-02-02,7,65374.0,57160.80714701723
ets,statistical,FOODS,FOODS,stable,2015-01-12,2015-03-02,7,173559.0,167880.27934753723
ets,statistical,HOBBIES,HOBBIES,stable,2015-01-12,2015-03-02,7,26019.0,22975.53463886492
ets,statistical,HOUSEHOLD,HOUSEHOLD,stable,2015-01-12,2015-03-02,7,62345.0,52752.892456043046
ets,statistical,FOODS,FOODS,stable,2015-02-09,2015-03-30,7,173450.0,156521.9422545035
ets,statistical,HOBBIES,HOBBIES,stable,2015-02-09,2015-03-30,7,26786.0,22733.64581153402
ets,statistical,HOUSEHOLD,HOUSEHOLD,stable,2015-02-09,2015-03-30,7,65659.0,49140.32984385965
ets,statistical,FOODS,FOODS,stable,2015-03-09,2015-04-27,7,170596.0,162463.48618571466
ets,statistical,HOBBIES,HOBBIES,stable,2015-03-09,2015-04-27,7,26135.0,23140.553816302036
ets,statistical,HOUSEHOLD,HOUSEHOLD,stable,2015-03-09,2015-04-27,7,62813.0,55670.77548716499
ets,statistical,FOODS,FOODS,stable,2015-04-06,2015-05-25,7,152872.0,169851.71286565496
ets,statistical,HOBBIES,HOBBIES,stable,2015-04-06,2015-05-25,7,26805.0,25670.793125957087
ets,statistical,HOUSEHOLD,HOUSEHOLD,stable,2015-04-06,2015-05-25,7,66658.0,65006.02312937345
ets,statistical,FOODS,FOODS,stable,2015-05-04,2015-06-22,7,162650.0,168088.2309330184
ets,statistical,HOBBIES,HOBBIES,stable,2015-05-04,2015-06-22,7,25483.0,25958.733981370613
ets,statistical,HOUSEHOLD,HOUSEHOLD,stable,2015-05-04,2015-06-22,7,64886.0,65754.23618049518
ets,statistical,FOODS,FOODS,stable,2015-06-01,2015-07-20,7,170179.0,169379.12386654812
ets,statistical,HOBBIES,HOBBIES,stable,2015-06-01,2015-07-20,7,26090.0,26180.953090072227
ets,statistical,HOUSEHOLD,HOUSEHOLD,stable,2015-06-01,2015-07-20,7,68244.0,65829.02645487417
ets,statistical,FOODS,FOODS,stable,2015-06-29,2015-08-17,7,170866.0,171363.2302433288
ets,statistical,HOBBIES,HOBBIES,stable,2015-06-29,2015-08-17,7,26847.0,26872.91734329844
ets,statistical,HOUSEHOLD,HOUSEHOLD,stable,2015-06-29,2015-08-17,7,72506.0,66214.81229271693
ets,statistical,FOODS,FOODS,stable,2015-07-27,2015-09-14,7,184838.0,175194.52487725526
ets,statistical,HOBBIES,HOBBIES,stable,2015-07-27,2015-09-14,7,27238.0,26865.467203187505
ets,statistical,HOUSEHOLD,HOUSEHOLD,stable,2015-07-27,2015-09-14,7,68010.0,67827.07465305763
ets,statistical,FOODS,FOODS,stable,2015-08-24,2015-10-12,7,188906.0,181200.95201649013
ets,statistical,HOBBIES,HOBBIES,stable,2015-08-24,2015-10-12,7,28451.0,27318.563699505572
ets,statistical,HOUSEHOLD,HOUSEHOLD,stable,2015-08-24,2015-10-12,7,66364.0,68702.9716432607
ets,statistical,FOODS,FOODS,stable,2015-09-21,2015-11-09,7,178766.0,185460.95293321757
ets,statistical,HOBBIES,HOBBIES,stable,2015-09-21,2015-11-09,7,27873.0,27649.248958256037
ets,statistical,HOUSEHOLD,HOUSEHOLD,stable,2015-09-21,2015-11-09,7,63522.0,73267.81817144869
ets,statistical,FOODS,FOODS,stable,2015-10-19,2015-12-07,7,171224.0,182122.72666887654
ets,statistical,HOBBIES,HOBBIES,stable,2015-10-19,2015-12-07,7,28512.0,27628.229725890436
ets,statistical,HOUSEHOLD,HOUSEHOLD,stable,2015-10-19,2015-12-07,7,61885.0,72952.0725921729
ets,statistical,FOODS,FOODS,stable,2015-11-16,2016-01-04,7,188614.0,185672.29643436757
ets,statistical,HOBBIES,HOBBIES,stable,2015-11-16,2016-01-04,7,26622.0,27984.165609184165
ets,statistical,HOUSEHOLD,HOUSEHOLD,stable,2015-11-16,2016-01-04,7,64577.0,71889.68244075222
ets,statistical,FOODS,FOODS,stable,2015-12-14,2016-02-01,7,196176.0,183432.11505348908
ets,statistical,HOBBIES,HOBBIES,stable,2015-12-14,2016-02-01,7,27960.0,29293.077492183907
ets,statistical,HOUSEHOLD,HOUSEHOLD,stable,2015-12-14,2016-02-01,7,69396.0,67438.44218832941
ets,statistical,FOODS,FOODS,stable,2016-01-11,2016-02-29,7,199561.0,174268.23824990523
ets,statistical,HOBBIES,HOBBIES,stable,2016-01-11,2016-02-29,7,27853.0,27837.69715570894
ets,statistical,HOUSEHOLD,HOUSEHOLD,stable,2016-01-11,2016-02-29,7,75163.0,61665.79346634449
ets,statistical,FOODS,FOODS,stable,2016-02-08,2016-03-28,7,189164.0,168122.6572206593
ets,statistical,HOBBIES,HOBBIES,stable,2016-02-08,2016-03-28,7,28311.0,27911.607592149532
ets,statistical,HOUSEHOLD,HOUSEHOLD,stable,2016-02-08,2016-03-28,7,74096.0,59870.742155137916
ets,statistical,FOODS,FOODS,stable,2016-03-07,2016-04-25,7,191019.0,177871.9797639343
ets,statistical,HOBBIES,HOBBIES,stable,2016-03-07,2016-04-25,7,29056.0,26621.31016276582
ets,statistical,HOUSEHOLD,HOUSEHOLD,stable,2016-03-07,2016-04-25,7,69739.0,65193.94003934059
ets,statistical,FOODS,FOODS,stable,2013-10-21,2013-12-16,8,161055.0,189131.28586559644
ets,statistical,HOBBIES,HOBBIES,stable,2013-10-21,2013-12-16,8,25464.0,23435.812608349985
ets,statistical,HOUSEHOLD,HOUSEHOLD,stable,2013-10-21,2013-12-16,8,47908.0,61737.2800907122
ets,statistical,FOODS,FOODS,stable,2013-11-18,2014-01-13,8,171872.0,191734.51764490234
ets,statistical,HOBBIES,HOBBIES,stable,2013-11-18,2014-01-13,8,23848.0,23621.74760805311
ets,statistical,HOUSEHOLD,HOUSEHOLD,stable,2013-11-18,2014-01-13,8,49886.0,60863.548809565036
ets,statistical,FOODS,FOODS,stable,2013-12-16,2014-02-10,8,179607.0,185410.18215832303
ets,statistical,HOBBIES,HOBBIES,stable,2013-12-16,2014-02-10,8,23131.0,25603.16723124116
ets,statistical,HOUSEHOLD,HOUSEHOLD,stable,2013-12-16,2014-02-10,8,60870.0,57934.78636755595
ets,statistical,FOODS,FOODS,stable,2014-01-13,2014-03-10,8,185766.0,177618.81422844256
ets,statistical,HOBBIES,HOBBIES,stable,2014-01-13,2014-03-10,8,22616.0,25574.155808183998
ets,statistical,HOUSEHOLD,HOUSEHOLD,stable,2014-01-13,2014-03-10,8,58747.0,54534.25393667097
ets,statistical,FOODS,FOODS,stable,2014-02-10,2014-04-07,8,191354.0,173773.7535448915
ets,statistical,HOBBIES,HOBBIES,stable,2014-02-10,2014-04-07,8,22134.0,25493.298108494662
ets,statistical,HOUSEHOLD,HOUSEHOLD,stable,2014-02-10,2014-04-07,8,57278.0,50425.03156847132
ets,statistical,FOODS,FOODS,stable,2014-03-10,2014-05-05,8,176795.0,174826.10854061818
ets,statistical,HOBBIES,HOBBIES,stable,2014-03-10,2014-05-05,8,22268.0,24143.250172578923
ets,statistical,HOUSEHOLD,HOUSEHOLD,stable,2014-03-10,2014-05-05,8,51719.0,51042.070925207605
ets,statistical,FOODS,FOODS,stable,2014-04-07,2014-06-02,8,190457.0,175305.86085596826
ets,statistical,HOBBIES,HOBBIES,stable,2014-04-07,2014-06-02,8,23516.0,24005.31768012017
ets,statistical,HOUSEHOLD,HOUSEHOLD,stable,2014-04-07,2014-06-02,8,57333.0,59726.95698891657
ets,statistical,FOODS,FOODS,stable,2014-05-05,2014-06-30,8,197078.0,177083.8483560282
ets,statistical,HOBBIES,HOBBIES,stable,2014-05-05,2014-06-30,8,23966.0,23335.334383342146
ets,statistical,HOUSEHOLD,HOUSEHOLD,stable,2014-05-05,2014-06-30,8,59906.0,60926.06076646224
ets,statistical,FOODS,FOODS,stable,2014-06-02,2014-07-28,8,178772.0,179779.43446191278
ets,statistical,HOBBIES,HOBBIES,stable,2014-06-02,2014-07-28,8,23420.0,22825.948628165817
ets,statistical,HOUSEHOLD,HOUSEHOLD,stable,2014-06-02,2014-07-28,8,61031.0,59332.42495753362
ets,statistical,FOODS,FOODS,stable,2014-06-30,2014-08-25,8,164149.0,180252.0590312099
ets,statistical,HOBBIES,HOBBIES,stable,2014-06-30,2014-08-25,8,21292.0,22798.463426095484
ets,statistical,HOUSEHOLD,HOUSEHOLD,stable,2014-06-30,2014-08-25,8,60250.0,55405.099985786146
ets,statistical,FOODS,FOODS,stable,2014-07-28,2014-09-22,8,160625.0,178680.41119060526
ets,statistical,HOBBIES,HOBBIES,stable,2014-07-28,2014-09-22,8,20553.0,23354.051859383697
ets,statistical,HOUSEHOLD,HOUSEHOLD,stable,2014-07-28,2014-09-22,8,55144.0,57508.17483519787
ets,statistical,FOODS,FOODS,stable,2014-08-25,2014-10-20,8,152870.0,183293.9812275287
ets,statistical,HOBBIES,HOBBIES,stable,2014-08-25,2014-10-20,8,23998.0,23675.07365678886
ets,statistical,HOUSEHOLD,HOUSEHOLD,stable,2014-08-25,2014-10-20,8,54904.0,59322.38454484991
ets,statistical,FOODS,FOODS,stable,2014-09-22,2014-11-17,8,154787.0,183404.96767933515
ets,statistical,HOBBIES,HOBBIES,stable,2014-09-22,2014-11-17,8,23818.0,23071.64870715013
ets,statistical,HOUSEHOLD,HOUSEHOLD,stable,2014-09-22,2014-11-17,8,53409.0,60786.655879345206
ets,statistical,FOODS,FOODS,stable,2014-10-20,2014-12-15,8,159424.0,182899.32982471888
ets,statistical,HOBBIES,HOBBIES,stable,2014-10-20,2014-12-15,8,24021.0,22069.75596164081
ets,statistical,HOUSEHOLD,HOUSEHOLD,stable,2014-10-20,2014-12-15,8,49880.0,62270.13326098825
ets,statistical,FOODS,FOODS,stable,2014-11-17,2015-01-12,8,172396.0,180849.35322996948
ets,statistical,HOBBIES,HOBBIES,stable,2014-11-17,2015-01-12,8,22588.0,21569.792111704628
ets,statistical,HOUSEHOLD,HOUSEHOLD,stable,2014-11-17,2015-01-12,8,55818.0,58062.61194741851
ets,statistical,FOODS,FOODS,stable,2014-12-15,2015-02-09,8,183405.0,176540.89074093886
ets,statistical,HOBBIES,HOBBIES,stable,2014-12-15,2015-02-09,8,26007.0,23726.359512934156
ets,statistical,HOUSEHOLD,HOUSEHOLD,stable,2014-12-15,2015-02-09,8,62050.0,57705.717390235724
ets,statistical,FOODS,FOODS,stable,2015-01-12,2015-03-09,8,173788.0,172501.52897056544
ets,statistical,HOBBIES,HOBBIES,stable,2015-01-12,2015-03-09,8,25498.0,24150.5947225788
ets,statistical,HOUSEHOLD,HOUSEHOLD,stable,2015-01-12,2015-03-09,8,67534.0,55344.20091390966
ets,statistical,FOODS,FOODS,stable,2015-02-09,2015-04-06,8,174171.0,166134.4629626065
ets,statistical,HOBBIES,HOBBIES,stable,2015-02-09,2015-04-06,8,27047.0,24183.71095931907
ets,statistical,HOUSEHOLD,HOUSEHOLD,stable,2015-02-09,2015-04-06,8,66799.0,52149.978899144626
ets,statistical,FOODS,FOODS,stable,2015-03-09,2015-05-04,8,175994.0,167527.40406474107
ets,statistical,HOBBIES,HOBBIES,stable,2015-03-09,2015-05-04,8,26818.0,22795.321011801734
ets,statistical,HOUSEHOLD,HOUSEHOLD,stable,2015-03-09,2015-05-04,8,61786.0,54696.74277788597
ets,statistical,FOODS,FOODS,stable,2015-04-06,2015-06-01,8,187633.0,173336.020921889
ets,statistical,HOBBIES,HOBBIES,stable,2015-04-06,2015-06-01,8,27683.0,25562.061764099584
ets,statistical,HOUSEHOLD,HOUSEHOLD,stable,2015-04-06,2015-06-01,8,69496.0,63610.546158797115
ets,statistical,FOODS,FOODS,stable,2015-05-04,2015-06-29,8,183195.0,170324.04673766642
ets,statistical,HOBBIES,HOBBIES,stable,2015-05-04,2015-06-29,8,27730.0,26196.645995098326
ets,statistical,HOUSEHOLD,HOUSEHOLD,stable,2015-05-04,2015-06-29,8,70278.0,67640.74893028293
ets,statistical,FOODS,FOODS,stable,2015-06-01,2015-07-27,8,177095.0,169686.3943336515
ets,statistical,HOBBIES,HOBBIES,stable,2015-06-01,2015-07-27,8,27389.0,26871.424219368408
ets,statistical,HOUSEHOLD,HOUSEHOLD,stable,2015-06-01,2015-07-27,8,71946.0,67395.14892333125
ets,statistical,FOODS,FOODS,stable,2015-06-29,2015-08-24,8,163579.0,170898.2057481384
ets,statistical,HOBBIES,HOBBIES,stable,2015-06-29,2015-08-24,8,26881.0,26835.22140104643
ets,statistical,HOUSEHOLD,HOUSEHOLD,stable,2015-06-29,2015-08-24,8,69975.0,63972.62225871436
ets,statistical,FOODS,FOODS,stable,2015-07-27,2015-09-21,8,174899.0,170607.80705565203
ets,statistical,HOBBIES,HOBBIES,stable,2015-07-27,2015-09-21,8,26427.0,27565.545428088597
ets,statistical,HOUSEHOLD,HOUSEHOLD,stable,2015-07-27,2015-09-21,8,67730.0,69430.05386851508
ets,statistical,FOODS,FOODS,stable,2015-08-24,2015-10-19,8,170327.0,177066.9478646048
ets,statistical,HOBBIES,HOBBIES,stable,2015-08-24,2015-10-19,8,29022.0,27131.026672562213
ets,statistical,HOUSEHOLD,HOUSEHOLD,stable,2015-08-24,2015-10-19,8,63444.0,69562.2176877369
ets,statistical,FOODS,FOODS,stable,2015-09-21,2015-11-16,8,163600.0,181660.8797941347
ets,statistical,HOBBIES,HOBBIES,stable,2015-09-21,2015-11-16,8,28916.0,27436.906915253363
ets,statistical,HOUSEHOLD,HOUSEHOLD,stable,2015-09-21,2015-11-16,8,62993.0,72176.67537208243
ets,statistical,FOODS,FOODS,stable,2015-10-19,2015-12-14,8,172620.0,181474.39577264246
ets,statistical,HOBBIES,HOBBIES,stable,2015-10-19,2015-12-14,8,29474.0,27471.56068773582
ets,statistical,HOUSEHOLD,HOUSEHOLD,stable,2015-10-19,2015-12-14,8,62390.0,72664.28243317295
ets,statistical,FOODS,FOODS,stable,2015-11-16,2016-01-11,8,192196.0,185269.14687165976
ets,statistical,HOBBIES,HOBBIES,stable,2015-11-16,2016-01-11,8,25274.0,27385.819085078845
ets,statistical,HOUSEHOLD,HOUSEHOLD,stable,2015-11-16,2016-01-11,8,62194.0,70191.2483198828
ets,statistical,FOODS,FOODS,stable,2015-12-14,2016-02-08,8,207012.0,187073.5279499568
ets,statistical,HOBBIES,HOBBIES,stable,2015-12-14,2016-02-08,8,27188.0,28755.639813117217
ets,statistical,HOUSEHOLD,HOUSEHOLD,stable,2015-12-14,2016-02-08,8,71328.0,66996.38845548376
ets,statistical,FOODS,FOODS,stable,2016-01-11,2016-03-07,8,202687.0,179893.78776057338
ets,statistical,HOBBIES,HOBBIES,stable,2016-01-11,2016-03-07,8,25958.0,29277.617483233134
ets,statistical,HOUSEHOLD,HOUSEHOLD,stable,2016-01-11,2016-03-07,8,69962.0,65652.29147721846
ets,statistical,FOODS,FOODS,stable,2016-02-08,2016-04-04,8,211390.0,174774.69958553047
ets,statistical,HOBBIES,HOBBIES,stable,2016-02-08,2016-04-04,8,27290.0,29410.16770067904
ets,statistical,HOUSEHOLD,HOUSEHOLD,stable,2016-02-08,2016-04-04,8,72087.0,64317.05407347916
ets,statistical,FOODS,FOODS,stable,2016-03-07,2016-05-02,8,213122.0,177566.65133618488
ets,statistical,HOBBIES,HOBBIES,stable,2016-03-07,2016-05-02,8,28886.0,26887.999186329766
ets,statistical,HOUSEHOLD,HOUSEHOLD,stable,2016-03-07,2016-05-02,8,69504.0,64475.00117378404
